{"aluminum can": 0.9411764705882353, "bag": 0.9459459459459459, "bamboo chopsticks": 0.96875, "beverage carton": 0.6666666666666666, "cardboard": 1.0, "chopping board": 0.9361702127659575, "cigarette butts": 0.9210526315789473, "clothes": 0.8181818181818182, "cosmetic bottle": 0.75, "damaged plastic": 0.9387755102040817, "disposable meal box": 0.8333333333333334, "dry cell": 0.8723404255319149, "edible oil bottle": 0.9714285714285714, "eggshell": 0.875, "envelope": 1.0, "fish bones": 0.7692307692307693, "food": 0.8979591836734694, "fruit peel": 0.7428571428571429, "fruit pulp": 0.8360655737704918, "glass bottle": 0.7027027027027027, "glass cup": 0.76, "large bones": 0.8, "leather shoes": 0.9375, "medicines": 0.8793103448275862, "metal": 0.75, "ointment": 0.8648648648648649, "paper bag": 0.8846153846153846, "pillow": 0.8627450980392157, "plastic bottle": 0.7916666666666666, "plastic bowl": 0.918918918918919, "plastic hanger": 0.9583333333333334, "plastic toy": 0.71875, "plug and cable": 0.9213483146067416, "plush toy": 0.9333333333333333, "pot": 0.9605263157894737, "pots": 0.872093023255814, "power bank": 0.8679245283018868, "seasoning bottle": 0.7777777777777778, "shampoo bottle": 0.8533333333333334, "tea residue": 0.9615384615384616, "toothpick": 0.6666666666666666, "towel": 0.6666666666666666, "vegetable waste": 0.9605263157894737}